garment,ep,success,step,n_pass,d0,d1,d2,d3,d4,sec
Top_Long_Seen_0,0,1,150,5,7.07,7.21,6.71,23.59,18.2,17
Top_Long_Seen_0,1,1,150,5,5.36,6.41,4.44,19.67,16.51,17
Top_Long_Seen_0,2,0,-1,4,3.95,6.1,27.04,25.62,17.42,67
Top_Long_Seen_0,3,0,-1,2,14.94,12.88,10.22,23.8,17.92,74
Top_Long_Seen_0,4,0,-1,2,25.2,40.85,26.46,23.51,18.56,70
Top_Long_Seen_0,5,0,-1,4,4.96,8.36,9.8,23.76,14.25,69
Top_Long_Seen_0,6,0,-1,2,20.73,14.82,7.9,16.6,18.59,70
Top_Long_Seen_0,7,0,-1,3,10.16,3.84,8.27,25.62,18.62,69
Top_Long_Seen_0,8,0,-1,2,15.57,11.25,10.61,25.08,17.64,70
Top_Long_Seen_0,9,1,150,5,3.64,5.81,6.86,19.95,17.9,17
Top_Long_Seen_1,0,1,150,5,4.2,4.98,7.15,18.96,12.07,17
Top_Long_Seen_1,1,1,150,5,4.87,5.38,4.86,19.13,17.96,17
Top_Long_Seen_1,2,1,150,5,2.75,5.34,2.27,18.99,18.94,16
Top_Long_Seen_1,3,1,150,5,1.81,3.22,1.55,18.98,20.51,16
Top_Long_Seen_1,4,0,-1,4,2.81,16.39,3.12,19.01,20.9,67
Top_Long_Seen_1,5,0,-1,2,21.44,34.54,25.34,18.3,19.66,71
Top_Long_Seen_1,6,0,-1,2,21.92,37.5,25.27,18.25,20.09,68
Top_Long_Seen_1,7,1,150,5,2.96,5.0,1.57,18.89,21.73,17
Top_Long_Seen_1,8,1,150,5,4.99,6.32,4.4,18.49,13.39,17
Top_Long_Seen_1,9,0,-1,4,4.09,16.32,5.78,17.59,21.11,71
Top_Long_Seen_2,0,1,300,5,2.86,3.11,4.43,18.74,19.19,35
Top_Long_Seen_2,1,1,150,5,2.55,1.88,3.06,18.69,19.38,18
Top_Long_Seen_2,2,1,150,5,3.1,8.28,3.6,18.75,17.45,18
Top_Long_Seen_2,3,1,200,5,3.13,8.85,5.43,18.79,17.87,24
Top_Long_Seen_2,4,1,150,5,1.76,7.12,1.97,18.65,18.48,18
Top_Long_Seen_2,5,1,200,5,9.01,13.53,7.81,18.48,18.96,24
Top_Long_Seen_2,6,1,150,5,5.64,2.92,4.92,18.34,18.59,18
Top_Long_Seen_2,7,1,150,5,1.91,4.81,3.15,18.79,18.04,19
Top_Long_Seen_2,8,1,250,5,2.98,4.86,4.26,18.63,19.06,30
Top_Long_Seen_2,9,1,150,5,5.0,6.72,4.01,18.86,21.24,18
Top_Long_Seen_3,0,0,-1,2,23.15,26.03,23.86,15.58,15.07,73
Top_Long_Seen_3,1,0,-1,2,22.97,32.6,24.54,17.86,16.28,74
Top_Long_Seen_3,2,0,-1,2,22.6,32.9,22.99,15.33,12.15,72
Top_Long_Seen_3,3,0,-1,2,23.13,36.75,24.07,16.31,14.99,71
Top_Long_Seen_3,4,0,-1,2,24.01,35.55,24.46,14.83,12.36,72
Top_Long_Seen_3,5,1,150,5,7.46,5.02,1.23,15.46,20.52,18
Top_Long_Seen_3,6,0,-1,1,23.33,17.82,23.68,16.65,11.15,71
Top_Long_Seen_3,7,0,-1,2,23.63,30.11,24.38,16.27,11.97,73
Top_Long_Seen_3,8,0,-1,2,23.07,35.75,23.71,16.84,12.77,70
Top_Long_Seen_3,9,0,-1,2,22.78,34.15,24.01,15.89,12.12,71
Top_Long_Seen_4,0,1,150,5,5.1,3.52,4.42,17.46,18.51,19
Top_Long_Seen_4,1,0,-1,4,2.91,5.12,17.13,17.63,21.59,79
Top_Long_Seen_4,2,0,-1,4,5.54,19.92,6.47,17.52,22.17,70
Top_Long_Seen_4,3,1,150,5,3.4,7.54,3.46,17.27,18.3,19
Top_Long_Seen_4,4,1,200,5,2.05,6.59,5.75,17.48,20.46,26
Top_Long_Seen_4,5,1,200,5,4.26,5.06,5.4,17.37,19.42,27
Top_Long_Seen_4,6,1,250,5,4.64,7.56,5.28,17.54,18.0,33
Top_Long_Seen_4,7,1,250,5,2.62,6.71,8.15,14.52,20.62,32
Top_Long_Seen_4,8,1,350,5,8.25,7.61,8.99,17.34,16.92,45
Top_Long_Seen_4,9,1,300,5,1.28,4.95,3.43,17.42,19.46,42
Top_Long_Seen_5,0,0,-1,2,26.68,34.07,30.41,17.89,17.69,77
Top_Long_Seen_5,1,1,300,5,1.96,7.0,5.39,19.52,19.09,37
Top_Long_Seen_5,2,1,450,5,9.35,7.23,9.45,20.14,16.48,54
Top_Long_Seen_5,3,0,-1,2,14.41,12.74,13.41,19.44,11.75,72
Top_Long_Seen_5,4,0,-1,1,18.41,32.9,17.63,11.29,18.02,72
Top_Long_Seen_5,5,0,-1,2,26.64,22.9,31.33,19.03,18.6,88
Top_Long_Seen_5,6,0,-1,4,8.78,7.96,5.18,19.65,11.67,77
Top_Long_Seen_5,7,1,150,5,3.1,5.82,4.8,16.77,16.67,19
Top_Long_Seen_5,8,1,250,5,2.88,5.32,4.6,19.15,17.8,32
Top_Long_Seen_5,9,1,250,5,3.23,6.28,1.89,19.32,19.6,30
Top_Long_Seen_6,0,0,-1,2,23.6,34.15,24.76,15.35,15.76,82
Top_Long_Seen_6,1,0,-1,4,6.84,11.11,17.9,16.03,10.87,76
Top_Long_Seen_6,2,0,-1,3,3.91,15.29,8.14,15.81,15.08,68
Top_Long_Seen_6,3,0,-1,2,9.17,6.76,16.68,16.15,10.66,75
Top_Long_Seen_6,4,1,300,5,4.62,5.35,6.22,16.16,14.8,35
Top_Long_Seen_6,5,1,150,5,3.01,3.31,5.33,15.68,15.04,18
Top_Long_Seen_6,6,0,-1,2,22.71,36.93,25.31,15.72,15.63,83
Top_Long_Seen_6,7,1,150,5,3.78,5.3,3.82,15.66,15.25,16
Top_Long_Seen_6,8,0,-1,4,3.72,13.71,3.46,15.93,14.88,86
Top_Long_Seen_6,9,1,150,5,5.35,7.0,6.91,15.77,14.23,21
Top_Long_Seen_7,0,0,-1,2,22.59,48.45,29.12,17.0,20.8,72
Top_Long_Seen_7,1,0,-1,2,22.64,45.88,29.1,16.71,21.17,81
Top_Long_Seen_7,2,0,-1,4,5.65,33.61,6.66,16.67,18.0,79
Top_Long_Seen_7,3,1,200,5,7.17,6.51,2.75,16.86,16.4,25
Top_Long_Seen_7,4,1,250,5,3.14,2.02,2.86,17.08,17.56,32
Top_Long_Seen_7,5,0,-1,2,22.4,45.74,29.29,16.7,20.99,75
Top_Long_Seen_7,6,0,-1,2,14.14,10.39,11.58,17.35,17.37,84
Top_Long_Seen_7,7,1,250,5,5.12,5.7,2.32,17.09,19.24,33
Top_Long_Seen_7,8,1,150,5,7.18,3.11,3.33,17.11,17.36,20
Top_Long_Seen_7,9,0,-1,2,7.89,12.7,17.64,17.48,16.75,77
Top_Long_Seen_8,0,0,-1,1,15.56,42.87,32.89,3.95,21.29,74
Top_Long_Seen_8,1,0,-1,0,9.27,44.63,20.16,3.74,13.07,78
Top_Long_Seen_8,2,0,-1,1,34.69,42.11,33.84,4.36,19.93,90
Top_Long_Seen_8,3,0,-1,1,14.88,46.83,26.5,4.06,20.52,73
Top_Long_Seen_8,4,0,-1,2,22.33,30.5,4.47,4.04,20.13,76
Top_Long_Seen_8,5,0,-1,1,15.02,45.44,28.53,4.24,18.15,77
Top_Long_Seen_8,6,0,-1,2,16.84,28.89,4.56,3.99,16.34,77
Top_Long_Seen_8,7,0,-1,1,16.95,31.09,27.51,4.15,19.94,85
Top_Long_Seen_8,8,0,-1,0,19.32,43.74,30.46,4.12,12.73,93
Top_Long_Seen_8,9,0,-1,2,22.45,30.68,5.8,3.7,18.54,75
Top_Long_Seen_9,0,1,150,5,6.55,6.14,2.53,17.09,22.08,19
Top_Long_Seen_9,1,1,150,5,5.41,3.05,1.97,16.94,21.76,20
Top_Long_Seen_9,2,1,250,5,5.73,7.17,3.65,17.23,21.6,32
Top_Long_Seen_9,3,1,350,5,7.17,8.07,6.14,16.95,15.3,43
Top_Long_Seen_9,4,1,150,5,7.9,5.75,2.03,17.29,22.74,19
Top_Long_Seen_9,5,1,250,5,2.91,4.51,7.81,17.5,17.79,32
Top_Long_Seen_9,6,1,150,5,4.66,7.66,4.86,17.18,21.36,19
Top_Long_Seen_9,7,1,200,5,6.81,5.96,9.54,17.14,18.42,26
Top_Long_Seen_9,8,0,-1,4,14.12,3.62,4.85,17.77,17.79,79
Top_Long_Seen_9,9,1,150,5,5.61,2.35,3.56,17.23,22.77,19
Top_Long_Unseen_0,0,0,-1,2,3.17,21.52,16.47,13.02,7.18,74
Top_Long_Unseen_0,1,0,-1,2,19.37,50.73,25.32,12.95,15.39,83
Top_Long_Unseen_0,2,0,-1,3,8.87,19.6,10.19,13.21,13.59,71
Top_Long_Unseen_0,3,1,150,5,2.89,9.26,3.34,12.97,13.43,18
Top_Long_Unseen_0,4,1,300,5,5.22,2.24,7.18,12.57,12.93,38
Top_Long_Unseen_0,5,1,200,5,2.61,8.65,2.82,12.69,13.24,25
Top_Long_Unseen_0,6,1,450,5,1.64,3.62,3.84,12.58,15.96,57
Top_Long_Unseen_0,7,0,-1,2,23.14,28.4,25.29,12.52,16.28,75
Top_Long_Unseen_0,8,1,250,5,7.92,8.63,3.61,12.52,17.52,29
Top_Long_Unseen_0,9,0,-1,2,21.28,34.08,25.42,12.23,18.09,82
Top_Long_Unseen_1,0,1,150,5,7.16,5.31,6.83,18.72,24.6,18
Top_Long_Unseen_1,1,0,-1,2,14.9,17.25,12.03,18.93,24.88,69
Top_Long_Unseen_1,2,0,-1,3,10.18,2.44,8.72,19.23,24.85,74
Top_Long_Unseen_1,3,0,-1,4,3.06,23.19,8.4,18.18,21.97,73
Top_Long_Unseen_1,4,0,-1,2,21.97,15.15,24.8,18.29,20.32,77
Top_Long_Unseen_1,5,1,200,5,2.99,4.89,2.82,18.49,21.52,25
Top_Long_Unseen_1,6,0,-1,2,22.12,22.84,24.56,17.19,20.94,72
Top_Long_Unseen_1,7,0,-1,4,3.93,18.0,4.83,19.16,23.84,73
Top_Long_Unseen_1,8,0,-1,2,21.76,15.99,25.5,17.95,18.3,73
Top_Long_Unseen_1,9,0,-1,4,10.92,6.52,7.38,18.97,23.27,75
